ID Parcela,ID subparcela,Localidad,Estancia,Fecha,Edad,Condición,Clase,Cobertura,Grado de relevamiento,,,,<1,1
1,1,Serrezuela,Gonzalez,4/12/2026,,Fuego,SD,4,1,,,,<5,2
1,1,Serrezuela,Gonzalez,4/12/2026,,Fuego,HR,4,1,,,, 5-25,3
1,1,Serrezuela,Gonzalez,4/12/2026,,Fuego,GRAM,1,1,,,,25-50,4
1,1,Serrezuela,Gonzalez,4/12/2026,,Fuego,LAT,3,1,,,,50-75,5
1,1,Serrezuela,Gonzalez,4/12/2026,,Fuego,BRO,0,1,,,,75-100,6
1,1,Serrezuela,Gonzalez,4/12/2026,,Fuego,CACT,0,1,,,,,
1,1,Serrezuela,Gonzalez,4/12/2026,,Fuego,CB,0,1,,,,,
1,1,Serrezuela,Gonzalez,4/12/2026,,Fuego,Otros,SD,1,,,,,
1,2,Serrezuela,Gonzalez,4/12/2026,,Fuego,SD,5,1,,,,,
1,2,Serrezuela,Gonzalez,4/12/2026,,Fuego,HR,4,1,,,,,
1,2,Serrezuela,Gonzalez,4/12/2026,,Fuego,GRAM,0,1,,,,,
1,2,Serrezuela,Gonzalez,4/12/2026,,Fuego,LAT,2,1,,,,,
1,2,Serrezuela,Gonzalez,4/12/2026,,Fuego,BRO,0,1,,,,,
1,2,Serrezuela,Gonzalez,4/12/2026,,Fuego,CACT,0,1,,,,,
1,2,Serrezuela,Gonzalez,4/12/2026,,Fuego,CB,2,1,,,,,
1,2,Serrezuela,Gonzalez,4/12/2026,,Fuego,Otros,3,1,,,,,
1,3,Serrezuela,Gonzalez,4/12/2026,,Fuego,SD,4,1,,,,,
1,3,Serrezuela,Gonzalez,4/12/2026,,Fuego,HR,3,1,,,,,
1,3,Serrezuela,Gonzalez,4/12/2026,,Fuego,GRAM,0,1,,,,,
1,3,Serrezuela,Gonzalez,4/12/2026,,Fuego,LAT,1,1,,,,,
1,3,Serrezuela,Gonzalez,4/12/2026,,Fuego,BRO,0,1,,,,<1,1
1,3,Serrezuela,Gonzalez,4/12/2026,,Fuego,CACT,0,1,,,,<5,2
1,3,Serrezuela,Gonzalez,4/12/2026,,Fuego,CB,5,1,,,, 5-25,3
1,3,Serrezuela,Gonzalez,4/12/2026,,Fuego,Otros,SD,1,,,,25-50,4
1,4,Serrezuela,Gonzalez,4/12/2026,,Fuego,SD,1,1,,,,50-75,5
1,4,Serrezuela,Gonzalez,4/12/2026,,Fuego,HR,6,1,,,,75-100,6
1,4,Serrezuela,Gonzalez,4/12/2026,,Fuego,GRAM,0,1,,,,,
1,4,Serrezuela,Gonzalez,4/12/2026,,Fuego,LAT,2,1,,,,,
1,4,Serrezuela,Gonzalez,4/12/2026,,Fuego,BRO,0,1,,,,,
1,4,Serrezuela,Gonzalez,4/12/2026,,Fuego,CACT,0,1,,,,,
1,4,Serrezuela,Gonzalez,4/12/2026,,Fuego,CB,0,1,,,,,
1,4,Serrezuela,Gonzalez,4/12/2026,,Fuego,Otros,2,1,,,,,
2,1,Serrezuela,Gonzalez,4/12/2026,,Referencia,SD,3,1,,,,,
2,1,Serrezuela,Gonzalez,4/12/2026,,Referencia,HR,5,1,,,,,
2,1,Serrezuela,Gonzalez,4/12/2026,,Referencia,GRAM,2,1,,,,,
2,1,Serrezuela,Gonzalez,4/12/2026,,Referencia,LAT,3,1,,,,,
2,1,Serrezuela,Gonzalez,4/12/2026,,Referencia,BRO,0,1,,,,,
2,1,Serrezuela,Gonzalez,4/12/2026,,Referencia,CACT,0,1,,,,,
2,1,Serrezuela,Gonzalez,4/12/2026,,Referencia,CB,2,1,,,,,
2,1,Serrezuela,Gonzalez,4/12/2026,,Referencia,Otros,0,1,,,,,
2,2,Serrezuela,Gonzalez,4/12/2026,,Referencia,SD,3,1,,,,,
2,2,Serrezuela,Gonzalez,4/12/2026,,Referencia,HR,3,1,,,,,
2,2,Serrezuela,Gonzalez,4/12/2026,,Referencia,GRAM,0,1,,,,,
2,2,Serrezuela,Gonzalez,4/12/2026,,Referencia,LAT,2,1,,,,,
2,2,Serrezuela,Gonzalez,4/12/2026,,Referencia,BRO,0,1,,,,,
2,2,Serrezuela,Gonzalez,4/12/2026,,Referencia,CACT,0,1,,,,,
2,2,Serrezuela,Gonzalez,4/12/2026,,Referencia,CB,4,1,,,,,
2,2,Serrezuela,Gonzalez,4/12/2026,,Referencia,Otros,0,1,,,,,
2,3,Serrezuela,Gonzalez,4/12/2026,,Referencia,SD,2,1,,,,,
2,3,Serrezuela,Gonzalez,4/12/2026,,Referencia,HR,4,1,,,,,
2,3,Serrezuela,Gonzalez,4/12/2026,,Referencia,GRAM,0,1,,,,,
2,3,Serrezuela,Gonzalez,4/12/2026,,Referencia,LAT,1,1,,,,,
2,3,Serrezuela,Gonzalez,4/12/2026,,Referencia,BRO,0,1,,,,,
2,3,Serrezuela,Gonzalez,4/12/2026,,Referencia,CACT,0,1,,,,,
2,3,Serrezuela,Gonzalez,4/12/2026,,Referencia,CB,5,1,,,,,
2,3,Serrezuela,Gonzalez,4/12/2026,,Referencia,Otros,3,1,,,,,
2,4,Serrezuela,Gonzalez,4/12/2026,,Referencia,SD,4,1,,,,,
2,4,Serrezuela,Gonzalez,4/12/2026,,Referencia,HR,2,1,,,,,
2,4,Serrezuela,Gonzalez,4/12/2026,,Referencia,GRAM,1,1,,,,,
2,4,Serrezuela,Gonzalez,4/12/2026,,Referencia,LAT,1,1,,,,,
2,4,Serrezuela,Gonzalez,4/12/2026,,Referencia,BRO,0,1,,,,,
2,4,Serrezuela,Gonzalez,4/12/2026,,Referencia,CACT,0,1,,,,,
2,4,Serrezuela,Gonzalez,4/12/2026,,Referencia,CB,5,1,,,,,
2,4,Serrezuela,Gonzalez,4/12/2026,,Referencia,Otros,2,1,,,,,
3,1,Serrezuela,Gonzalez,4/12/2026,,Chacra,SD,4,1,,,,,
3,1,Serrezuela,Gonzalez,4/12/2026,,Chacra,HR,5,1,,,,,
3,1,Serrezuela,Gonzalez,4/12/2026,,Chacra,GRAM,0,1,,,,,
3,1,Serrezuela,Gonzalez,4/12/2026,,Chacra,LAT,3,1,,,,,
3,1,Serrezuela,Gonzalez,4/12/2026,,Chacra,BRO,0,1,,,,,
3,1,Serrezuela,Gonzalez,4/12/2026,,Chacra,CACT,0,1,,,,,
3,1,Serrezuela,Gonzalez,4/12/2026,,Chacra,CB,0,1,,,,,
3,1,Serrezuela,Gonzalez,4/12/2026,,Chacra,Otros,0,1,,,,,
3,2,Serrezuela,Gonzalez,4/12/2026,,Chacra,SD,4,1,,,,,
3,2,Serrezuela,Gonzalez,4/12/2026,,Chacra,HR,5,1,,,,,
3,2,Serrezuela,Gonzalez,4/12/2026,,Chacra,GRAM,0,1,,,,,
3,2,Serrezuela,Gonzalez,4/12/2026,,Chacra,LAT,3,1,,,,,
3,2,Serrezuela,Gonzalez,4/12/2026,,Chacra,BRO,0,1,,,,,
3,2,Serrezuela,Gonzalez,4/12/2026,,Chacra,CACT,0,1,,,,,
3,2,Serrezuela,Gonzalez,4/12/2026,,Chacra,CB,2,1,,,,,
3,2,Serrezuela,Gonzalez,4/12/2026,,Chacra,Otros,0,1,,,,,
3,3,Serrezuela,Gonzalez,4/12/2026,,Chacra,SD,3,1,,,<1,1,
3,3,Serrezuela,Gonzalez,4/12/2026,,Chacra,HR,3,1,,,<5,2,
3,3,Serrezuela,Gonzalez,4/12/2026,,Chacra,GRAM,0,1,,, 5-25,3,
3,3,Serrezuela,Gonzalez,4/12/2026,,Chacra,LAT,4,1,,,25-50,4,
3,3,Serrezuela,Gonzalez,4/12/2026,,Chacra,BRO,0,1,,,50-75,5,
3,3,Serrezuela,Gonzalez,4/12/2026,,Chacra,CACT,0,1,,,75-100,6,
3,3,Serrezuela,Gonzalez,4/12/2026,,Chacra,CB,3,1,,,,,
3,3,Serrezuela,Gonzalez,4/12/2026,,Chacra,Otros,0,1,,,,,
3,4,Serrezuela,Gonzalez,4/12/2026,,Chacra,SD,5,1,,,,,
3,4,Serrezuela,Gonzalez,4/12/2026,,Chacra,HR,3,1,,,,,
3,4,Serrezuela,Gonzalez,4/12/2026,,Chacra,GRAM,1,1,,,,,
3,4,Serrezuela,Gonzalez,4/12/2026,,Chacra,LAT,0,1,,,,,
3,4,Serrezuela,Gonzalez,4/12/2026,,Chacra,BRO,0,1,,,,,
3,4,Serrezuela,Gonzalez,4/12/2026,,Chacra,CACT,0,1,,,,,
3,4,Serrezuela,Gonzalez,4/12/2026,,Chacra,CB,3,1,,,,,
3,4,Serrezuela,Gonzalez,4/12/2026,,Chacra,Otros,1,1,,,,,
4,1,Serrezulea,Sosa Alverto,4/13/2026,,Chacra,SD,4,1,,,,,
4,1,Serrezulea,Sosa Alverto,4/13/2026,,Chacra,HR,4,1,,,,,
4,1,Serrezulea,Sosa Alverto,4/13/2026,,Chacra,GRAM,2,1,,,,,
4,1,Serrezulea,Sosa Alverto,4/13/2026,,Chacra,LAT,2,1,,,,,
4,1,Serrezulea,Sosa Alverto,4/13/2026,,Chacra,BRO,0,1,,,,,
4,1,Serrezulea,Sosa Alverto,4/13/2026,,Chacra,CACT,0,1,,,,,
4,1,Serrezulea,Sosa Alverto,4/13/2026,,Chacra,CB,2,1,,,,,
4,1,Serrezulea,Sosa Alverto,4/13/2026,,Chacra,Otros,0,1,,,,,
4,2,Serrezulea,Sosa Alverto,4/13/2026,,Chacra,SD,2,1,,,,,
4,2,Serrezulea,Sosa Alverto,4/13/2026,,Chacra,HR,6,1,,,,,
4,2,Serrezulea,Sosa Alverto,4/13/2026,,Chacra,GRAM,2,1,,,,,
4,2,Serrezulea,Sosa Alverto,4/13/2026,,Chacra,LAT,1,1,,,,,
4,2,Serrezulea,Sosa Alverto,4/13/2026,,Chacra,BRO,0,1,,,,,
4,2,Serrezulea,Sosa Alverto,4/13/2026,,Chacra,CACT,0,1,,,,,
4,2,Serrezulea,Sosa Alverto,4/13/2026,,Chacra,CB,2,1,,,,,
4,2,Serrezulea,Sosa Alverto,4/13/2026,,Chacra,Otros,1,1,,,,,
4,3,Serrezulea,Sosa Alverto,4/13/2026,,Chacra,SD,3,1,,,,,
4,3,Serrezulea,Sosa Alverto,4/13/2026,,Chacra,HR,3,1,,,,,
4,3,Serrezulea,Sosa Alverto,4/13/2026,,Chacra,GRAM,4,1,,,,,
4,3,Serrezulea,Sosa Alverto,4/13/2026,,Chacra,LAT,3,1,,,,,
4,3,Serrezulea,Sosa Alverto,4/13/2026,,Chacra,BRO,0,1,,,<1,1,
4,3,Serrezulea,Sosa Alverto,4/13/2026,,Chacra,CACT,0,1,,,<5,2,
4,3,Serrezulea,Sosa Alverto,4/13/2026,,Chacra,CB,2,1,,, 5-25,3,
4,3,Serrezulea,Sosa Alverto,4/13/2026,,Chacra,Otros,3,1,,,25-50,4,
4,4,Serrezulea,Sosa Alverto,4/13/2026,,Chacra,SD,4,1,,,50-75,5,
4,4,Serrezulea,Sosa Alverto,4/13/2026,,Chacra,HR,4,1,,,75-100,6,
4,4,Serrezulea,Sosa Alverto,4/13/2026,,Chacra,GRAM,2,1,,,,,
4,4,Serrezulea,Sosa Alverto,4/13/2026,,Chacra,LAT,2,1,,,,,
4,4,Serrezulea,Sosa Alverto,4/13/2026,,Chacra,BRO,0,1,,,,,
4,4,Serrezulea,Sosa Alverto,4/13/2026,,Chacra,CACT,0,1,,,,,
4,4,Serrezulea,Sosa Alverto,4/13/2026,,Chacra,CB,2,1,,,,,
4,4,Serrezulea,Sosa Alverto,4/13/2026,,Chacra,Otros,1,1,,,,,
5,1,Serrezulea,Sosa Alverto,4/13/2026,,Referencia,SD,3,1,,,,,
5,1,Serrezulea,Sosa Alverto,4/13/2026,,Referencia,HR,5,1,,,,,
5,1,Serrezulea,Sosa Alverto,4/13/2026,,Referencia,GRAM,3,1,,,,,
5,1,Serrezulea,Sosa Alverto,4/13/2026,,Referencia,LAT,3,1,,,,,
5,1,Serrezulea,Sosa Alverto,4/13/2026,,Referencia,BRO,0,1,,,,,
5,1,Serrezulea,Sosa Alverto,4/13/2026,,Referencia,CACT,0,1,,,,,
5,1,Serrezulea,Sosa Alverto,4/13/2026,,Referencia,CB,2,1,,,,,
5,1,Serrezulea,Sosa Alverto,4/13/2026,,Referencia,Otros,2,1,,,,,
5,2,Serrezulea,Sosa Alverto,4/13/2026,,Referencia,SD,4,1,,,,,
5,2,Serrezulea,Sosa Alverto,4/13/2026,,Referencia,HR,5,1,,,,,
5,2,Serrezulea,Sosa Alverto,4/13/2026,,Referencia,GRAM,3,1,,,,,
5,2,Serrezulea,Sosa Alverto,4/13/2026,,Referencia,LAT,3,1,,,,,
5,2,Serrezulea,Sosa Alverto,4/13/2026,,Referencia,BRO,0,1,,,,,
5,2,Serrezulea,Sosa Alverto,4/13/2026,,Referencia,CACT,0,1,,,,,
5,2,Serrezulea,Sosa Alverto,4/13/2026,,Referencia,CB,2,1,,,,,
5,2,Serrezulea,Sosa Alverto,4/13/2026,,Referencia,Otros,2,1,,,,,
5,3,Serrezulea,Sosa Alverto,4/13/2026,,Referencia,SD,3,1,,,,,
5,3,Serrezulea,Sosa Alverto,4/13/2026,,Referencia,HR,3,1,,,,,
5,3,Serrezulea,Sosa Alverto,4/13/2026,,Referencia,GRAM,2,1,,,,,
5,3,Serrezulea,Sosa Alverto,4/13/2026,,Referencia,LAT,2,1,,,,,
5,3,Serrezulea,Sosa Alverto,4/13/2026,,Referencia,BRO,0,1,,,,,
5,3,Serrezulea,Sosa Alverto,4/13/2026,,Referencia,CACT,0,1,,,,,
5,3,Serrezulea,Sosa Alverto,4/13/2026,,Referencia,CB,1,1,,,,,
5,3,Serrezulea,Sosa Alverto,4/13/2026,,Referencia,Otros,3,1,,,,,
5,4,Serrezulea,Sosa Alverto,4/13/2026,,Referencia,SD,2,1,,,,,
5,4,Serrezulea,Sosa Alverto,4/13/2026,,Referencia,HR,6,1,,,,,
5,4,Serrezulea,Sosa Alverto,4/13/2026,,Referencia,GRAM,3,1,,,,,
5,4,Serrezulea,Sosa Alverto,4/13/2026,,Referencia,LAT,3,1,,,,,
5,4,Serrezulea,Sosa Alverto,4/13/2026,,Referencia,BRO,0,1,,,,,
5,4,Serrezulea,Sosa Alverto,4/13/2026,,Referencia,CACT,0,1,,,,,
5,4,Serrezulea,Sosa Alverto,4/13/2026,,Referencia,CB,2,1,,,,,
5,4,Serrezulea,Sosa Alverto,4/13/2026,,Referencia,Otros,2,1,,,,,
6,1,Serrezulea,Loyola,4/13/2026,,Referencia,SD,2,1,,,,,
6,1,Serrezulea,Loyola,4/13/2026,,Referencia,HR,6,1,,,,,
6,1,Serrezulea,Loyola,4/13/2026,,Referencia,GRAM,2,1,,,,,
6,1,Serrezulea,Loyola,4/13/2026,,Referencia,LAT,2,1,,,,,
6,1,Serrezulea,Loyola,4/13/2026,,Referencia,BRO,0,1,,,,,
6,1,Serrezulea,Loyola,4/13/2026,,Referencia,CACT,0,1,,,,,
6,1,Serrezulea,Loyola,4/13/2026,,Referencia,CB,0,1,,,,,
6,1,Serrezulea,Loyola,4/13/2026,,Referencia,Otros,3,1,,,,,
6,2,Serrezulea,Loyola,4/13/2026,,Referencia,SD,2,1,,,,,
6,2,Serrezulea,Loyola,4/13/2026,,Referencia,HR,3,1,,,,,
6,2,Serrezulea,Loyola,4/13/2026,,Referencia,GRAM,4,1,,,,,
6,2,Serrezulea,Loyola,4/13/2026,,Referencia,LAT,2,1,,,,,
6,2,Serrezulea,Loyola,4/13/2026,,Referencia,BRO,0,1,,,,,
6,2,Serrezulea,Loyola,4/13/2026,,Referencia,CACT,0,1,,,,,
6,2,Serrezulea,Loyola,4/13/2026,,Referencia,CB,0,1,,,,,
6,2,Serrezulea,Loyola,4/13/2026,,Referencia,Otros,0,1,,,,,
6,3,Serrezulea,Loyola,4/13/2026,,Referencia,SD,5,1,,,,,
6,3,Serrezulea,Loyola,4/13/2026,,Referencia,HR,3,1,,,,,
6,3,Serrezulea,Loyola,4/13/2026,,Referencia,GRAM,3,1,,,,,
6,3,Serrezulea,Loyola,4/13/2026,,Referencia,LAT,3,1,,,,,
6,3,Serrezulea,Loyola,4/13/2026,,Referencia,BRO,0,1,,,,,
6,3,Serrezulea,Loyola,4/13/2026,,Referencia,CACT,0,1,,,,,
6,3,Serrezulea,Loyola,4/13/2026,,Referencia,CB,2,1,,,,,
6,3,Serrezulea,Loyola,4/13/2026,,Referencia,Otros,3,1,,,,,
6,4,Serrezulea,Loyola,4/13/2026,,Referencia,SD,0,1,,,,,
6,4,Serrezulea,Loyola,4/13/2026,,Referencia,HR,6,1,,,,,
6,4,Serrezulea,Loyola,4/13/2026,,Referencia,GRAM,2,1,,,,,
6,4,Serrezulea,Loyola,4/13/2026,,Referencia,LAT,2,1,,,,,
6,4,Serrezulea,Loyola,4/13/2026,,Referencia,BRO,0,1,,,,,
6,4,Serrezulea,Loyola,4/13/2026,,Referencia,CACT,0,1,,,,,
6,4,Serrezulea,Loyola,4/13/2026,,Referencia,CB,2,1,,,,,
6,4,Serrezulea,Loyola,4/13/2026,,Referencia,Otros,2,1,,,,,
7,1,Serrezulea,Loyola,4/13/2026,,Chacra,SD,2,1,,,,,
7,1,Serrezulea,Loyola,4/13/2026,,Chacra,HR,6,1,,,,,
7,1,Serrezulea,Loyola,4/13/2026,,Chacra,GRAM,2,1,,,,,
7,1,Serrezulea,Loyola,4/13/2026,,Chacra,LAT,2,1,,,,,
7,1,Serrezulea,Loyola,4/13/2026,,Chacra,BRO,0,1,,,,,
7,1,Serrezulea,Loyola,4/13/2026,,Chacra,CACT,0,1,,,,,
7,1,Serrezulea,Loyola,4/13/2026,,Chacra,CB,2,1,,,,,
7,1,Serrezulea,Loyola,4/13/2026,,Chacra,Otros,2,1,,,,,
7,2,Serrezulea,Loyola,4/13/2026,,Chacra,SD,3,1,,,,,
7,2,Serrezulea,Loyola,4/13/2026,,Chacra,HR,5,1,,,,,
7,2,Serrezulea,Loyola,4/13/2026,,Chacra,GRAM,3,1,,,,,
7,2,Serrezulea,Loyola,4/13/2026,,Chacra,LAT,0,1,,,,,
7,2,Serrezulea,Loyola,4/13/2026,,Chacra,BRO,0,1,,,,,
7,2,Serrezulea,Loyola,4/13/2026,,Chacra,CACT,0,1,,,,,
7,2,Serrezulea,Loyola,4/13/2026,,Chacra,CB,0,1,,,,,
7,2,Serrezulea,Loyola,4/13/2026,,Chacra,Otros,2,1,,,,,
7,3,Serrezulea,Loyola,4/13/2026,,Chacra,SD,1,1,,,,,
7,3,Serrezulea,Loyola,4/13/2026,,Chacra,HR,6,1,,,,,
7,3,Serrezulea,Loyola,4/13/2026,,Chacra,GRAM,2,1,,,,,
7,3,Serrezulea,Loyola,4/13/2026,,Chacra,LAT,3,1,,,,,
7,3,Serrezulea,Loyola,4/13/2026,,Chacra,BRO,0,1,,,,,
7,3,Serrezulea,Loyola,4/13/2026,,Chacra,CACT,0,1,,,,,
7,3,Serrezulea,Loyola,4/13/2026,,Chacra,CB,0,1,,,,,
7,3,Serrezulea,Loyola,4/13/2026,,Chacra,Otros,2,1,,,,,
7,4,Serrezulea,Loyola,4/13/2026,,Chacra,SD,0,1,,,,,
7,4,Serrezulea,Loyola,4/13/2026,,Chacra,HR,6,1,,,,,
7,4,Serrezulea,Loyola,4/13/2026,,Chacra,GRAM,2,1,,,,,
7,4,Serrezulea,Loyola,4/13/2026,,Chacra,LAT,2,1,,,,,
7,4,Serrezulea,Loyola,4/13/2026,,Chacra,BRO,0,1,,,,,
7,4,Serrezulea,Loyola,4/13/2026,,Chacra,CACT,0,1,,,,,
7,4,Serrezulea,Loyola,4/13/2026,,Chacra,CB,0,1,,,,,
7,4,Serrezulea,Loyola,4/13/2026,,Chacra,Otros,4,1,,,,,
8,1,La Paz,Las Pichonas,4/13/2026,,Referencia,SD,2,1,,,,,
8,1,La Paz,Las Pichonas,4/13/2026,,Referencia,HR,5,1,,,,,
8,1,La Paz,Las Pichonas,4/13/2026,,Referencia,GRAM,5,1,,,,,
8,1,La Paz,Las Pichonas,4/13/2026,,Referencia,LAT,3,1,,,,,
8,1,La Paz,Las Pichonas,4/13/2026,,Referencia,BRO,0,1,,,,,
8,1,La Paz,Las Pichonas,4/13/2026,,Referencia,CACT,0,1,,,,,
8,1,La Paz,Las Pichonas,4/13/2026,,Referencia,CB,0,1,,,,,
8,1,La Paz,Las Pichonas,4/13/2026,,Referencia,Otros,2,1,,,,,
8,2,La Paz,Las Pichonas,4/13/2026,,Referencia,SD,2,1,,,,,
8,2,La Paz,Las Pichonas,4/13/2026,,Referencia,HR,5,1,,,,,
8,2,La Paz,Las Pichonas,4/13/2026,,Referencia,GRAM,3,1,,,,,
8,2,La Paz,Las Pichonas,4/13/2026,,Referencia,LAT,3,1,,,,,
8,2,La Paz,Las Pichonas,4/13/2026,,Referencia,BRO,0,1,,,,,
8,2,La Paz,Las Pichonas,4/13/2026,,Referencia,CACT,0,1,,,,,
8,2,La Paz,Las Pichonas,4/13/2026,,Referencia,CB,0,1,,,,,
8,2,La Paz,Las Pichonas,4/13/2026,,Referencia,Otros,0,1,,,,,
8,3,La Paz,Las Pichonas,4/13/2026,,Referencia,SD,2,1,,,,,
8,3,La Paz,Las Pichonas,4/13/2026,,Referencia,HR,4,1,,,,,
8,3,La Paz,Las Pichonas,4/13/2026,,Referencia,GRAM,5,1,,,,,
8,3,La Paz,Las Pichonas,4/13/2026,,Referencia,LAT,3,1,,,,,
8,3,La Paz,Las Pichonas,4/13/2026,,Referencia,BRO,0,1,,,,,
8,3,La Paz,Las Pichonas,4/13/2026,,Referencia,CACT,0,1,,,,,
8,3,La Paz,Las Pichonas,4/13/2026,,Referencia,CB,0,1,,,,,
8,3,La Paz,Las Pichonas,4/13/2026,,Referencia,Otros,2,1,,,,,
8,4,La Paz,Las Pichonas,4/13/2026,,Referencia,SD,0,1,,,,,
8,4,La Paz,Las Pichonas,4/13/2026,,Referencia,HR,6,1,,,,,
8,4,La Paz,Las Pichonas,4/13/2026,,Referencia,GRAM,5,1,,,,,
8,4,La Paz,Las Pichonas,4/13/2026,,Referencia,LAT,3,1,,,,,
8,4,La Paz,Las Pichonas,4/13/2026,,Referencia,BRO,0,1,,,,,
8,4,La Paz,Las Pichonas,4/13/2026,,Referencia,CACT,0,1,,,,,
8,4,La Paz,Las Pichonas,4/13/2026,,Referencia,CB,3,1,,,,,
8,4,La Paz,Las Pichonas,4/13/2026,,Referencia,Otros,3,1,,,,,
9,1,La Paz,Las Pichonas,4/14/2026,,Chacra,SD,3,1,,,,,
9,1,La Paz,Las Pichonas,4/14/2026,,Chacra,HR,2,1,,,,,
9,1,La Paz,Las Pichonas,4/14/2026,,Chacra,GRAM,0,1,,,,,
9,1,La Paz,Las Pichonas,4/14/2026,,Chacra,LAT,5,1,,,,,
9,1,La Paz,Las Pichonas,4/14/2026,,Chacra,BRO,0,1,,,,,
9,1,La Paz,Las Pichonas,4/14/2026,,Chacra,CACT,0,1,,,,,
9,1,La Paz,Las Pichonas,4/14/2026,,Chacra,CB,0,1,,,,,
9,1,La Paz,Las Pichonas,4/14/2026,,Chacra,Otros,2,1,,,,,
9,2,La Paz,Las Pichonas,4/14/2026,,Chacra,SD,5,1,,,,,
9,2,La Paz,Las Pichonas,4/14/2026,,Chacra,HR,3,1,,,,,
9,2,La Paz,Las Pichonas,4/14/2026,,Chacra,GRAM,3,1,,,,,
9,2,La Paz,Las Pichonas,4/14/2026,,Chacra,LAT,3,1,,,,,
9,2,La Paz,Las Pichonas,4/14/2026,,Chacra,BRO,0,1,,,,,
9,2,La Paz,Las Pichonas,4/14/2026,,Chacra,CACT,0,1,,,,,
9,2,La Paz,Las Pichonas,4/14/2026,,Chacra,CB,2,1,,,,,
9,2,La Paz,Las Pichonas,4/14/2026,,Chacra,Otros,1,1,,,,,
9,3,La Paz,Las Pichonas,4/14/2026,,Chacra,SD,4,1,,,,,
9,3,La Paz,Las Pichonas,4/14/2026,,Chacra,HR,4,1,,,,,
9,3,La Paz,Las Pichonas,4/14/2026,,Chacra,GRAM,3,1,,,,,
9,3,La Paz,Las Pichonas,4/14/2026,,Chacra,LAT,3,1,,,,,
9,3,La Paz,Las Pichonas,4/14/2026,,Chacra,BRO,0,1,,,,,
9,3,La Paz,Las Pichonas,4/14/2026,,Chacra,CACT,0,1,,,,,
9,3,La Paz,Las Pichonas,4/14/2026,,Chacra,CB,0,1,,,,,
9,3,La Paz,Las Pichonas,4/14/2026,,Chacra,Otros,2,1,,,,,
9,4,La Paz,Las Pichonas,4/14/2026,,Chacra,SD,6,1,,,,,
9,4,La Paz,Las Pichonas,4/14/2026,,Chacra,HR,2,1,,,,,
9,4,La Paz,Las Pichonas,4/14/2026,,Chacra,GRAM,0,1,,,,,
9,4,La Paz,Las Pichonas,4/14/2026,,Chacra,LAT,2,1,,,,,
9,4,La Paz,Las Pichonas,4/14/2026,,Chacra,BRO,0,1,,,,,
9,4,La Paz,Las Pichonas,4/14/2026,,Chacra,CACT,0,1,,,,,
9,4,La Paz,Las Pichonas,4/14/2026,,Chacra,CB,2,1,,,,,
9,4,La Paz,Las Pichonas,4/14/2026,,Chacra,Otros,2,1,,,,,
10,1,Dolores,El Alamo,4/15/2026,,Referencia,SD,0,1,,,,,
10,1,Dolores,El Alamo,4/15/2026,,Referencia,HR,6,1,,,,,
10,1,Dolores,El Alamo,4/15/2026,,Referencia,GRAM,0,1,,,,,
10,1,Dolores,El Alamo,4/15/2026,,Referencia,LAT,2,1,,,,,
10,1,Dolores,El Alamo,4/15/2026,,Referencia,BRO,0,1,,,,,
10,1,Dolores,El Alamo,4/15/2026,,Referencia,CACT,0,1,,,,,
10,1,Dolores,El Alamo,4/15/2026,,Referencia,CB,2,1,,,,,
10,1,Dolores,El Alamo,4/15/2026,,Referencia,Otros,2,1,,,,,
10,2,Dolores,El Alamo,4/15/2026,,Referencia,SD,2,1,,,,,
10,2,Dolores,El Alamo,4/15/2026,,Referencia,HR,6,1,,,,,
10,2,Dolores,El Alamo,4/15/2026,,Referencia,GRAM,2,1,,,,,
10,2,Dolores,El Alamo,4/15/2026,,Referencia,LAT,0,1,,,,,
10,2,Dolores,El Alamo,4/15/2026,,Referencia,BRO,0,1,,,,,
10,2,Dolores,El Alamo,4/15/2026,,Referencia,CACT,0,1,,,,,
10,2,Dolores,El Alamo,4/15/2026,,Referencia,CB,3,1,,,,,
10,2,Dolores,El Alamo,4/15/2026,,Referencia,Otros,3,1,,,,,
10,3,Dolores,El Alamo,4/15/2026,,Referencia,SD,0,1,,,,,
10,3,Dolores,El Alamo,4/15/2026,,Referencia,HR,6,1,,,,,
10,3,Dolores,El Alamo,4/15/2026,,Referencia,GRAM,2,1,,,,,
10,3,Dolores,El Alamo,4/15/2026,,Referencia,LAT,2,1,,,,,
10,3,Dolores,El Alamo,4/15/2026,,Referencia,BRO,0,1,,,,,
10,3,Dolores,El Alamo,4/15/2026,,Referencia,CACT,0,1,,,,,
10,3,Dolores,El Alamo,4/15/2026,,Referencia,CB,3,1,,,,,
10,3,Dolores,El Alamo,4/15/2026,,Referencia,Otros,2,1,,,,,
10,4,Dolores,El Alamo,4/15/2026,,Referencia,SD,1,1,,,,,
10,4,Dolores,El Alamo,4/15/2026,,Referencia,HR,3,1,,,,,
10,4,Dolores,El Alamo,4/15/2026,,Referencia,GRAM,6,1,,,,,
10,4,Dolores,El Alamo,4/15/2026,,Referencia,LAT,2,1,,,,,
10,4,Dolores,El Alamo,4/15/2026,,Referencia,BRO,0,1,,,,,
10,4,Dolores,El Alamo,4/15/2026,,Referencia,CACT,0,1,,,,,
10,4,Dolores,El Alamo,4/15/2026,,Referencia,CB,3,1,,,,,
10,4,Dolores,El Alamo,4/15/2026,,Referencia,Otros,2,1,,,,,
11,1,Dolores,El Alamo,4/15/2026,,Chacra,SD,4,1,,,,,
11,1,Dolores,El Alamo,4/15/2026,,Chacra,HR,5,1,,,,,
11,1,Dolores,El Alamo,4/15/2026,,Chacra,GRAM,3,1,,,,,
11,1,Dolores,El Alamo,4/15/2026,,Chacra,LAT,2,1,,,,,
11,1,Dolores,El Alamo,4/15/2026,,Chacra,BRO,0,1,,,,,
11,1,Dolores,El Alamo,4/15/2026,,Chacra,CACT,0,1,,,,,
11,1,Dolores,El Alamo,4/15/2026,,Chacra,CB,2,1,,,,,
11,1,Dolores,El Alamo,4/15/2026,,Chacra,Otros,1,1,,,,,
11,2,Dolores,El Alamo,4/15/2026,,Chacra,SD,2,1,,,,,
11,2,Dolores,El Alamo,4/15/2026,,Chacra,HR,6,1,,,,,
11,2,Dolores,El Alamo,4/15/2026,,Chacra,GRAM,2,1,,,,,
11,2,Dolores,El Alamo,4/15/2026,,Chacra,LAT,2,1,,,,,
11,2,Dolores,El Alamo,4/15/2026,,Chacra,BRO,0,1,,,,,
11,2,Dolores,El Alamo,4/15/2026,,Chacra,CACT,0,1,,,,,
11,2,Dolores,El Alamo,4/15/2026,,Chacra,CB,2,1,,,,,
11,2,Dolores,El Alamo,4/15/2026,,Chacra,Otros,2,1,,,,,
11,3,Dolores,El Alamo,4/15/2026,,Chacra,SD,3,1,,,,,
11,3,Dolores,El Alamo,4/15/2026,,Chacra,HR,6,1,,,,,
11,3,Dolores,El Alamo,4/15/2026,,Chacra,GRAM,3,1,,,,,
11,3,Dolores,El Alamo,4/15/2026,,Chacra,LAT,2,1,,,,,
11,3,Dolores,El Alamo,4/15/2026,,Chacra,BRO,0,1,,,,,
11,3,Dolores,El Alamo,4/15/2026,,Chacra,CACT,0,1,,,,,
11,3,Dolores,El Alamo,4/15/2026,,Chacra,CB,3,1,,,,,
11,3,Dolores,El Alamo,4/15/2026,,Chacra,Otros,3,1,,,,,
11,4,Dolores,El Alamo,4/15/2026,,Chacra,SD,3,1,,,,,
11,4,Dolores,El Alamo,4/15/2026,,Chacra,HR,6,1,,,,,
11,4,Dolores,El Alamo,4/15/2026,,Chacra,GRAM,3,1,,,,,
11,4,Dolores,El Alamo,4/15/2026,,Chacra,LAT,2,1,,,,,
11,4,Dolores,El Alamo,4/15/2026,,Chacra,BRO,0,1,,,,,
11,4,Dolores,El Alamo,4/15/2026,,Chacra,CACT,0,1,,,,,
11,4,Dolores,El Alamo,4/15/2026,,Chacra,CB,3,1,,,,,
11,4,Dolores,El Alamo,4/15/2026,,Chacra,Otros,2,1,,,,,
12,1,Quines,Escuela Agrotecnica JP Pringles,4/16/2026,,Rolado,SD,4,1,,,,,
12,1,Quines,Escuela Agrotecnica JP Pringles,4/16/2026,,Rolado,HR,2,1,,,,,
12,1,Quines,Escuela Agrotecnica JP Pringles,4/16/2026,,Rolado,GRAM,4,1,,,,,
12,1,Quines,Escuela Agrotecnica JP Pringles,4/16/2026,,Rolado,LAT,2,1,,,,,
12,1,Quines,Escuela Agrotecnica JP Pringles,4/16/2026,,Rolado,BRO,0,1,,,,,
12,1,Quines,Escuela Agrotecnica JP Pringles,4/16/2026,,Rolado,CACT,0,1,,,,,
12,1,Quines,Escuela Agrotecnica JP Pringles,4/16/2026,,Rolado,CB,2,1,,,,,
12,1,Quines,Escuela Agrotecnica JP Pringles,4/16/2026,,Rolado,Otros,4,1,,,,,
12,2,Quines,Escuela Agrotecnica JP Pringles,4/16/2026,,Rolado,SD,2,1,,,,,
12,2,Quines,Escuela Agrotecnica JP Pringles,4/16/2026,,Rolado,HR,4,1,,,,,
12,2,Quines,Escuela Agrotecnica JP Pringles,4/16/2026,,Rolado,GRAM,2,1,,,,,
12,2,Quines,Escuela Agrotecnica JP Pringles,4/16/2026,,Rolado,LAT,3,1,,,,,
12,2,Quines,Escuela Agrotecnica JP Pringles,4/16/2026,,Rolado,BRO,0,1,,,,,
12,2,Quines,Escuela Agrotecnica JP Pringles,4/16/2026,,Rolado,CACT,0,1,,,,,
12,2,Quines,Escuela Agrotecnica JP Pringles,4/16/2026,,Rolado,CB,2,1,,,,,
12,2,Quines,Escuela Agrotecnica JP Pringles,4/16/2026,,Rolado,Otros,3,1,,,,,
12,3,Quines,Escuela Agrotecnica JP Pringles,4/16/2026,,Rolado,SD,2,1,,,,,
12,3,Quines,Escuela Agrotecnica JP Pringles,4/16/2026,,Rolado,HR,3,1,,,,,
12,3,Quines,Escuela Agrotecnica JP Pringles,4/16/2026,,Rolado,GRAM,4,1,,,,,
12,3,Quines,Escuela Agrotecnica JP Pringles,4/16/2026,,Rolado,LAT,3,1,,,,,
12,3,Quines,Escuela Agrotecnica JP Pringles,4/16/2026,,Rolado,BRO,0,1,,,,,
12,3,Quines,Escuela Agrotecnica JP Pringles,4/16/2026,,Rolado,CACT,0,1,,,,,
12,3,Quines,Escuela Agrotecnica JP Pringles,4/16/2026,,Rolado,CB,2,1,,,,,
12,3,Quines,Escuela Agrotecnica JP Pringles,4/16/2026,,Rolado,Otros,2,1,,,,,
12,4,Quines,Escuela Agrotecnica JP Pringles,4/16/2026,,Rolado,SD,1,1,,,,,
12,4,Quines,Escuela Agrotecnica JP Pringles,4/16/2026,,Rolado,HR,2,1,,,,,
12,4,Quines,Escuela Agrotecnica JP Pringles,4/16/2026,,Rolado,GRAM,6,1,,,,,
12,4,Quines,Escuela Agrotecnica JP Pringles,4/16/2026,,Rolado,LAT,2,1,,,,,
12,4,Quines,Escuela Agrotecnica JP Pringles,4/16/2026,,Rolado,BRO,0,1,,,,,
12,4,Quines,Escuela Agrotecnica JP Pringles,4/16/2026,,Rolado,CACT,0,1,,,,,
12,4,Quines,Escuela Agrotecnica JP Pringles,4/16/2026,,Rolado,CB,2,1,,,,,
12,4,Quines,Escuela Agrotecnica JP Pringles,4/16/2026,,Rolado,Otros,3,1,,,,,
13,1,Quines,Escuela Agrotecnica JP Pringles,4/16/2026,,Referencia,SD,3,1,,,,,
13,1,Quines,Escuela Agrotecnica JP Pringles,4/16/2026,,Referencia,HR,4,1,,,,,
13,1,Quines,Escuela Agrotecnica JP Pringles,4/16/2026,,Referencia,GRAM,4,1,,,,,
13,1,Quines,Escuela Agrotecnica JP Pringles,4/16/2026,,Referencia,LAT,2,1,,,,,
13,1,Quines,Escuela Agrotecnica JP Pringles,4/16/2026,,Referencia,BRO,0,1,,,,,
13,1,Quines,Escuela Agrotecnica JP Pringles,4/16/2026,,Referencia,CACT,0,1,,,,,
13,1,Quines,Escuela Agrotecnica JP Pringles,4/16/2026,,Referencia,CB,2,1,,,,,
13,1,Quines,Escuela Agrotecnica JP Pringles,4/16/2026,,Referencia,Otros,SD,1,,,,,
13,2,Quines,Escuela Agrotecnica JP Pringles,4/16/2026,,Referencia,SD,3,1,,,,,
13,2,Quines,Escuela Agrotecnica JP Pringles,4/16/2026,,Referencia,HR,2,1,,,,,
13,2,Quines,Escuela Agrotecnica JP Pringles,4/16/2026,,Referencia,GRAM,5,1,,,,,
13,2,Quines,Escuela Agrotecnica JP Pringles,4/16/2026,,Referencia,LAT,2,1,,,,,
13,2,Quines,Escuela Agrotecnica JP Pringles,4/16/2026,,Referencia,BRO,0,1,,,,,
13,2,Quines,Escuela Agrotecnica JP Pringles,4/16/2026,,Referencia,CACT,0,1,,,,,
13,2,Quines,Escuela Agrotecnica JP Pringles,4/16/2026,,Referencia,CB,3,1,,,,,
13,2,Quines,Escuela Agrotecnica JP Pringles,4/16/2026,,Referencia,Otros,3,1,,,,,
13,3,Quines,Escuela Agrotecnica JP Pringles,4/16/2026,,Referencia,SD,1,1,,,,,
13,3,Quines,Escuela Agrotecnica JP Pringles,4/16/2026,,Referencia,HR,3,1,,,,,
13,3,Quines,Escuela Agrotecnica JP Pringles,4/16/2026,,Referencia,GRAM,5,1,,,,,
13,3,Quines,Escuela Agrotecnica JP Pringles,4/16/2026,,Referencia,LAT,2,1,,,,,
13,3,Quines,Escuela Agrotecnica JP Pringles,4/16/2026,,Referencia,BRO,0,1,,,,,
13,3,Quines,Escuela Agrotecnica JP Pringles,4/16/2026,,Referencia,CACT,0,1,,,,,
13,3,Quines,Escuela Agrotecnica JP Pringles,4/16/2026,,Referencia,CB,0,1,,,,,
13,3,Quines,Escuela Agrotecnica JP Pringles,4/16/2026,,Referencia,Otros,3,1,,,,,
13,4,Quines,Escuela Agrotecnica JP Pringles,4/16/2026,,Referencia,SD,2,1,,,,,
13,4,Quines,Escuela Agrotecnica JP Pringles,4/16/2026,,Referencia,HR,4,1,,,,,
13,4,Quines,Escuela Agrotecnica JP Pringles,4/16/2026,,Referencia,GRAM,3,1,,,,,
13,4,Quines,Escuela Agrotecnica JP Pringles,4/16/2026,,Referencia,LAT,3,1,,,,,
13,4,Quines,Escuela Agrotecnica JP Pringles,4/16/2026,,Referencia,BRO,0,1,,,,,
13,4,Quines,Escuela Agrotecnica JP Pringles,4/16/2026,,Referencia,CACT,0,1,,,,,
13,4,Quines,Escuela Agrotecnica JP Pringles,4/16/2026,,Referencia,CB,0,1,,,,,
13,4,Quines,Escuela Agrotecnica JP Pringles,4/16/2026,,Referencia,Otros,4,1,,,,,
14,1,Quines,Furlotti,4/16/2026,,Chacra,SD,3,1,,,,,
14,1,Quines,Furlotti,4/16/2026,,Chacra,HR,5,1,,,,,
14,1,Quines,Furlotti,4/16/2026,,Chacra,GRAM,3,1,,,,,
14,1,Quines,Furlotti,4/16/2026,,Chacra,LAT,2,1,,,,,
14,1,Quines,Furlotti,4/16/2026,,Chacra,BRO,0,1,,,,,
14,1,Quines,Furlotti,4/16/2026,,Chacra,CACT,0,1,,,,,
14,1,Quines,Furlotti,4/16/2026,,Chacra,CB,0,1,,,,,
14,1,Quines,Furlotti,4/16/2026,,Chacra,Otros,2,1,,,,,
14,2,Quines,Furlotti,4/16/2026,,Chacra,SD,2,1,,,,,
14,2,Quines,Furlotti,4/16/2026,,Chacra,HR,5,1,,,,,
14,2,Quines,Furlotti,4/16/2026,,Chacra,GRAM,4,1,,,,,
14,2,Quines,Furlotti,4/16/2026,,Chacra,LAT,3,1,,,,,
14,2,Quines,Furlotti,4/16/2026,,Chacra,BRO,0,1,,,,,
14,2,Quines,Furlotti,4/16/2026,,Chacra,CACT,0,1,,,,,
14,2,Quines,Furlotti,4/16/2026,,Chacra,CB,0,1,,,,,
14,2,Quines,Furlotti,4/16/2026,,Chacra,Otros,3,1,,,,,
14,3,Quines,Furlotti,4/16/2026,,Chacra,SD,2,1,,,,,
14,3,Quines,Furlotti,4/16/2026,,Chacra,HR,5,1,,,,,
14,3,Quines,Furlotti,4/16/2026,,Chacra,GRAM,4,1,,,,,
14,3,Quines,Furlotti,4/16/2026,,Chacra,LAT,2,1,,,,,
14,3,Quines,Furlotti,4/16/2026,,Chacra,BRO,0,1,,,,,
14,3,Quines,Furlotti,4/16/2026,,Chacra,CACT,0,1,,,,,
14,3,Quines,Furlotti,4/16/2026,,Chacra,CB,0,1,,,,,
14,3,Quines,Furlotti,4/16/2026,,Chacra,Otros,2,1,,,,,
14,4,Quines,Furlotti,4/16/2026,,Chacra,SD,2,1,,,,,
14,4,Quines,Furlotti,4/16/2026,,Chacra,HR,6,1,,,,,
14,4,Quines,Furlotti,4/16/2026,,Chacra,GRAM,6,1,,,,,
14,4,Quines,Furlotti,4/16/2026,,Chacra,LAT,2,1,,,,,
14,4,Quines,Furlotti,4/16/2026,,Chacra,BRO,0,1,,,,,
14,4,Quines,Furlotti,4/16/2026,,Chacra,CACT,0,1,,,,,
14,4,Quines,Furlotti,4/16/2026,,Chacra,CB,2,1,,,,,
14,4,Quines,Furlotti,4/16/2026,,Chacra,Otros,2,1,,,,,
15,1,Quines,Furlotti,4/16/2026,,Referencia,SD,0,1,,,,,
15,1,Quines,Furlotti,4/16/2026,,Referencia,HR,6,1,,,,,
15,1,Quines,Furlotti,4/16/2026,,Referencia,GRAM,2,1,,,,,
15,1,Quines,Furlotti,4/16/2026,,Referencia,LAT,2,1,,,,,
15,1,Quines,Furlotti,4/16/2026,,Referencia,BRO,0,1,,,,,
15,1,Quines,Furlotti,4/16/2026,,Referencia,CACT,0,1,,,,,
15,1,Quines,Furlotti,4/16/2026,,Referencia,CB,0,1,,,,,
15,1,Quines,Furlotti,4/16/2026,,Referencia,Otros,3,1,,,,,
15,2,Quines,Furlotti,4/16/2026,,Referencia,SD,2,1,,,,,
15,2,Quines,Furlotti,4/16/2026,,Referencia,HR,6,1,,,,,
15,2,Quines,Furlotti,4/16/2026,,Referencia,GRAM,3,1,,,,,
15,2,Quines,Furlotti,4/16/2026,,Referencia,LAT,2,1,,,,,
15,2,Quines,Furlotti,4/16/2026,,Referencia,BRO,0,1,,,,,
15,2,Quines,Furlotti,4/16/2026,,Referencia,CACT,0,1,,,,,
15,2,Quines,Furlotti,4/16/2026,,Referencia,CB,0,1,,,,,
15,2,Quines,Furlotti,4/16/2026,,Referencia,Otros,2,1,,,,,
15,3,Quines,Furlotti,4/16/2026,,Referencia,SD,0,1,,,,,
15,3,Quines,Furlotti,4/16/2026,,Referencia,HR,6,1,,,,,
15,3,Quines,Furlotti,4/16/2026,,Referencia,GRAM,3,1,,,,,
15,3,Quines,Furlotti,4/16/2026,,Referencia,LAT,2,1,,,,,
15,3,Quines,Furlotti,4/16/2026,,Referencia,BRO,0,1,,,,,
15,3,Quines,Furlotti,4/16/2026,,Referencia,CACT,0,1,,,,,
15,3,Quines,Furlotti,4/16/2026,,Referencia,CB,0,1,,,,,
15,3,Quines,Furlotti,4/16/2026,,Referencia,Otros,2,1,,,,,
15,4,Quines,Furlotti,4/16/2026,,Referencia,SD,SD,0,,,,,
15,4,Quines,Furlotti,4/16/2026,,Referencia,HR,SD,0,,,,,
15,4,Quines,Furlotti,4/16/2026,,Referencia,GRAM,SD,0,,,,,
15,4,Quines,Furlotti,4/16/2026,,Referencia,LAT,SD,0,,,,,
15,4,Quines,Furlotti,4/16/2026,,Referencia,BRO,SD,0,,,,,
15,4,Quines,Furlotti,4/16/2026,,Referencia,CACT,SD,0,,,,,
15,4,Quines,Furlotti,4/16/2026,,Referencia,CB,SD,0,,,,,
15,4,Quines,Furlotti,4/16/2026,,Referencia,Otros,SD,0,,,,,
16,1,Chamical,La Isla,4/17/2026,,Rolado,SD,4,1,,,,,
16,1,Chamical,La Isla,4/17/2026,,Rolado,HR,2,1,,,,,
16,1,Chamical,La Isla,4/17/2026,,Rolado,GRAM,5,1,,,,,
16,1,Chamical,La Isla,4/17/2026,,Rolado,LAT,1,1,,,,,
16,1,Chamical,La Isla,4/17/2026,,Rolado,BRO,0,1,,,,,
16,1,Chamical,La Isla,4/17/2026,,Rolado,CACT,0,1,,,,,
16,1,Chamical,La Isla,4/17/2026,,Rolado,CB,0,1,,,,,
16,1,Chamical,La Isla,4/17/2026,,Rolado,Otros,2,1,,,,,
16,2,Chamical,La Isla,4/17/2026,,Rolado,SD,4,1,,,,,
16,2,Chamical,La Isla,4/17/2026,,Rolado,HR,4,1,,,,,
16,2,Chamical,La Isla,4/17/2026,,Rolado,GRAM,2,1,,,,,
16,2,Chamical,La Isla,4/17/2026,,Rolado,LAT,0,1,,,,,
16,2,Chamical,La Isla,4/17/2026,,Rolado,BRO,0,1,,,,,
16,2,Chamical,La Isla,4/17/2026,,Rolado,CACT,0,1,,,,,
16,2,Chamical,La Isla,4/17/2026,,Rolado,CB,2,1,,,,,
16,2,Chamical,La Isla,4/17/2026,,Rolado,Otros,4,1,,,,,
16,3,Chamical,La Isla,4/17/2026,,Rolado,SD,6,1,,,,,
16,3,Chamical,La Isla,4/17/2026,,Rolado,HR,3,1,,,,,
16,3,Chamical,La Isla,4/17/2026,,Rolado,GRAM,3,1,,,,,
16,3,Chamical,La Isla,4/17/2026,,Rolado,LAT,0,1,,,,,
16,3,Chamical,La Isla,4/17/2026,,Rolado,BRO,0,1,,,,,
16,3,Chamical,La Isla,4/17/2026,,Rolado,CACT,0,1,,,,,
16,3,Chamical,La Isla,4/17/2026,,Rolado,CB,0,1,,,,,
16,3,Chamical,La Isla,4/17/2026,,Rolado,Otros,2,1,,,,,
16,4,Chamical,La Isla,4/17/2026,,Rolado,SD,4,1,,,,,
16,4,Chamical,La Isla,4/17/2026,,Rolado,HR,4,1,,,,,
16,4,Chamical,La Isla,4/17/2026,,Rolado,GRAM,2,1,,,,,
16,4,Chamical,La Isla,4/17/2026,,Rolado,LAT,2,1,,,,,
16,4,Chamical,La Isla,4/17/2026,,Rolado,BRO,0,1,,,,,
16,4,Chamical,La Isla,4/17/2026,,Rolado,CACT,0,1,,,,,
16,4,Chamical,La Isla,4/17/2026,,Rolado,CB,2,1,,,,,
16,4,Chamical,La Isla,4/17/2026,,Rolado,Otros,4,1,,,,,
17,1,Chamical,La Isla,4/17/2026,,Referencia,SD,4,1,,,,,
17,1,Chamical,La Isla,4/17/2026,,Referencia,HR,5,1,,,,,
17,1,Chamical,La Isla,4/17/2026,,Referencia,GRAM,1,1,,,,,
17,1,Chamical,La Isla,4/17/2026,,Referencia,LAT,1,1,,,,,
17,1,Chamical,La Isla,4/17/2026,,Referencia,BRO,0,1,,,,,
17,1,Chamical,La Isla,4/17/2026,,Referencia,CACT,0,1,,,,,
17,1,Chamical,La Isla,4/17/2026,,Referencia,CB,1,1,,,,,
17,1,Chamical,La Isla,4/17/2026,,Referencia,Otros,3,1,,,,,
17,2,Chamical,La Isla,4/17/2026,,Referencia,SD,3,1,,,,,
17,2,Chamical,La Isla,4/17/2026,,Referencia,HR,5,1,,,,,
17,2,Chamical,La Isla,4/17/2026,,Referencia,GRAM,1,1,,,,,
17,2,Chamical,La Isla,4/17/2026,,Referencia,LAT,0,1,,,,,
17,2,Chamical,La Isla,4/17/2026,,Referencia,BRO,2,1,,,,,
17,2,Chamical,La Isla,4/17/2026,,Referencia,CACT,0,1,,,,,
17,2,Chamical,La Isla,4/17/2026,,Referencia,CB,1,1,,,,,
17,2,Chamical,La Isla,4/17/2026,,Referencia,Otros,2,1,,,,,
17,3,Chamical,La Isla,4/17/2026,,Referencia,SD,4,1,,,,,
17,3,Chamical,La Isla,4/17/2026,,Referencia,HR,4,1,,,,,
17,3,Chamical,La Isla,4/17/2026,,Referencia,GRAM,0,1,,,,,
17,3,Chamical,La Isla,4/17/2026,,Referencia,LAT,0,1,,,,,
17,3,Chamical,La Isla,4/17/2026,,Referencia,BRO,3,1,,,,,
17,3,Chamical,La Isla,4/17/2026,,Referencia,CACT,0,1,,,,,
17,3,Chamical,La Isla,4/17/2026,,Referencia,CB,3,1,,,,,
17,3,Chamical,La Isla,4/17/2026,,Referencia,Otros,2,1,,,,,
17,4,Chamical,La Isla,4/17/2026,,Referencia,SD,4,1,,,,,
17,4,Chamical,La Isla,4/17/2026,,Referencia,HR,4,1,,,,,
17,4,Chamical,La Isla,4/17/2026,,Referencia,GRAM,0,1,,,,,
17,4,Chamical,La Isla,4/17/2026,,Referencia,LAT,0,1,,,,,
17,4,Chamical,La Isla,4/17/2026,,Referencia,BRO,3,1,,,,,
17,4,Chamical,La Isla,4/17/2026,,Referencia,CACT,0,1,,,,,
17,4,Chamical,La Isla,4/17/2026,,Referencia,CB,2,1,,,,,
17,4,Chamical,La Isla,4/17/2026,,Referencia,Otros,4,1,,,,,
18,1,Chamical,La Isla,4/17/2026,,Fuego,SD,5,1,,,,,
18,1,Chamical,La Isla,4/17/2026,,Fuego,HR,3,1,,,,,
18,1,Chamical,La Isla,4/17/2026,,Fuego,GRAM,3,1,,,,,
18,1,Chamical,La Isla,4/17/2026,,Fuego,LAT,2,1,,,,,
18,1,Chamical,La Isla,4/17/2026,,Fuego,BRO,2,1,,,,,
18,1,Chamical,La Isla,4/17/2026,,Fuego,CACT,0,1,,,,,
18,1,Chamical,La Isla,4/17/2026,,Fuego,CB,2,1,,,,,
18,1,Chamical,La Isla,4/17/2026,,Fuego,Otros,3,1,,,,,
18,2,Chamical,La Isla,4/17/2026,,Fuego,SD,3,1,,,,,
18,2,Chamical,La Isla,4/17/2026,,Fuego,HR,5,1,,,,,
18,2,Chamical,La Isla,4/17/2026,,Fuego,GRAM,2,1,,,,,
18,2,Chamical,La Isla,4/17/2026,,Fuego,LAT,2,1,,,,,
18,2,Chamical,La Isla,4/17/2026,,Fuego,BRO,5,1,,,,,
18,2,Chamical,La Isla,4/17/2026,,Fuego,CACT,0,1,,,,,
18,2,Chamical,La Isla,4/17/2026,,Fuego,CB,2,1,,,,,
18,2,Chamical,La Isla,4/17/2026,,Fuego,Otros,2,1,,,,,
18,3,Chamical,La Isla,4/17/2026,,Fuego,SD,4,1,,,,,
18,3,Chamical,La Isla,4/17/2026,,Fuego,HR,3,1,,,,,
18,3,Chamical,La Isla,4/17/2026,,Fuego,GRAM,3,1,,,,,
18,3,Chamical,La Isla,4/17/2026,,Fuego,LAT,2,1,,,,,
18,3,Chamical,La Isla,4/17/2026,,Fuego,BRO,4,1,,,,,
18,3,Chamical,La Isla,4/17/2026,,Fuego,CACT,0,1,,,,,
18,3,Chamical,La Isla,4/17/2026,,Fuego,CB,3,1,,,,,
18,3,Chamical,La Isla,4/17/2026,,Fuego,Otros,3,1,,,,,
18,4,Chamical,La Isla,4/17/2026,,Fuego,SD,3,1,,,,,
18,4,Chamical,La Isla,4/17/2026,,Fuego,HR,4,1,,,,,
18,4,Chamical,La Isla,4/17/2026,,Fuego,GRAM,2,1,,,,,
18,4,Chamical,La Isla,4/17/2026,,Fuego,LAT,3,1,,,,,
18,4,Chamical,La Isla,4/17/2026,,Fuego,BRO,4,1,,,,,
18,4,Chamical,La Isla,4/17/2026,,Fuego,CACT,0,1,,,,,
18,4,Chamical,La Isla,4/17/2026,,Fuego,CB,4,1,,,,,
18,4,Chamical,La Isla,4/17/2026,,Fuego,Otros,3,1,,,,,
19,1,Chamical,Vizcacheras,4/18/2026,,Referencia,SD,2,1,,,,,
19,1,Chamical,Vizcacheras,4/18/2026,,Referencia,HR,5,1,,,,,
19,1,Chamical,Vizcacheras,4/18/2026,,Referencia,GRAM,3,1,,,,,
19,1,Chamical,Vizcacheras,4/18/2026,,Referencia,LAT,3,1,,,,,
19,1,Chamical,Vizcacheras,4/18/2026,,Referencia,BRO,0,1,,,,,
19,1,Chamical,Vizcacheras,4/18/2026,,Referencia,CACT,2,1,,,,,
19,1,Chamical,Vizcacheras,4/18/2026,,Referencia,CB,2,1,,,,,
19,1,Chamical,Vizcacheras,4/18/2026,,Referencia,Otros,2,1,,,,,
19,2,Chamical,Vizcacheras,4/18/2026,,Referencia,SD,3,1,,,,,
19,2,Chamical,Vizcacheras,4/18/2026,,Referencia,HR,5,1,,,,,
19,2,Chamical,Vizcacheras,4/18/2026,,Referencia,GRAM,2,1,,,,,
19,2,Chamical,Vizcacheras,4/18/2026,,Referencia,LAT,4,1,,,,,
19,2,Chamical,Vizcacheras,4/18/2026,,Referencia,BRO,0,1,,,,,
19,2,Chamical,Vizcacheras,4/18/2026,,Referencia,CACT,2,1,,,,,
19,2,Chamical,Vizcacheras,4/18/2026,,Referencia,CB,2,1,,,,,
19,2,Chamical,Vizcacheras,4/18/2026,,Referencia,Otros,2,1,,,,,
19,3,Chamical,Vizcacheras,4/18/2026,,Referencia,SD,4,1,,,,,
19,3,Chamical,Vizcacheras,4/18/2026,,Referencia,HR,5,1,,,,,
19,3,Chamical,Vizcacheras,4/18/2026,,Referencia,GRAM,2,1,,,,,
19,3,Chamical,Vizcacheras,4/18/2026,,Referencia,LAT,2,1,,,,,
19,3,Chamical,Vizcacheras,4/18/2026,,Referencia,BRO,0,1,,,,,
19,3,Chamical,Vizcacheras,4/18/2026,,Referencia,CACT,0,1,,,,,
19,3,Chamical,Vizcacheras,4/18/2026,,Referencia,CB,2,1,,,,,
19,3,Chamical,Vizcacheras,4/18/2026,,Referencia,Otros,4,1,,,,,
19,4,Chamical,Vizcacheras,4/18/2026,,Referencia,SD,2,1,,,,,
19,4,Chamical,Vizcacheras,4/18/2026,,Referencia,HR,6,1,,,,,
19,4,Chamical,Vizcacheras,4/18/2026,,Referencia,GRAM,3,1,,,,,
19,4,Chamical,Vizcacheras,4/18/2026,,Referencia,LAT,2,1,,,,,
19,4,Chamical,Vizcacheras,4/18/2026,,Referencia,BRO,0,1,,,,,
19,4,Chamical,Vizcacheras,4/18/2026,,Referencia,CACT,2,1,,,,,
19,4,Chamical,Vizcacheras,4/18/2026,,Referencia,CB,3,1,,,,,
19,4,Chamical,Vizcacheras,4/18/2026,,Referencia,Otros,5,1,,,,,
20,1,Chamical,Vizcacheras,4/18/2026,,Rolado,SD,1,1,,,,,
20,1,Chamical,Vizcacheras,4/18/2026,,Rolado,HR,2,1,,,,,
20,1,Chamical,Vizcacheras,4/18/2026,,Rolado,GRAM,6,1,,,,,
20,1,Chamical,Vizcacheras,4/18/2026,,Rolado,LAT,1,1,,,,,
20,1,Chamical,Vizcacheras,4/18/2026,,Rolado,BRO,0,1,,,,,
20,1,Chamical,Vizcacheras,4/18/2026,,Rolado,CACT,0,1,,,,,
20,1,Chamical,Vizcacheras,4/18/2026,,Rolado,CB,0,1,,,,,
20,1,Chamical,Vizcacheras,4/18/2026,,Rolado,Otros,0,1,,,,,
20,2,Chamical,Vizcacheras,4/18/2026,,Rolado,SD,3,1,,,,,
20,2,Chamical,Vizcacheras,4/18/2026,,Rolado,HR,2,1,,,,,
20,2,Chamical,Vizcacheras,4/18/2026,,Rolado,GRAM,5,1,,,,,
20,2,Chamical,Vizcacheras,4/18/2026,,Rolado,LAT,2,1,,,,,
20,2,Chamical,Vizcacheras,4/18/2026,,Rolado,BRO,0,1,,,,,
20,2,Chamical,Vizcacheras,4/18/2026,,Rolado,CACT,0,1,,,,,
20,2,Chamical,Vizcacheras,4/18/2026,,Rolado,CB,1,1,,,,,
20,2,Chamical,Vizcacheras,4/18/2026,,Rolado,Otros,2,1,,,,,
20,3,Chamical,Vizcacheras,4/18/2026,,Rolado,SD,4,1,,,,,
20,3,Chamical,Vizcacheras,4/18/2026,,Rolado,HR,3,1,,,,,
20,3,Chamical,Vizcacheras,4/18/2026,,Rolado,GRAM,4,1,,,,,
20,3,Chamical,Vizcacheras,4/18/2026,,Rolado,LAT,3,1,,,,,
20,3,Chamical,Vizcacheras,4/18/2026,,Rolado,BRO,0,1,,,,,
20,3,Chamical,Vizcacheras,4/18/2026,,Rolado,CACT,0,1,,,,,
20,3,Chamical,Vizcacheras,4/18/2026,,Rolado,CB,2,1,,,,,
20,3,Chamical,Vizcacheras,4/18/2026,,Rolado,Otros,2,1,,,,,
20,4,Chamical,Vizcacheras,4/18/2026,,Rolado,SD,4,1,,,,,
20,4,Chamical,Vizcacheras,4/18/2026,,Rolado,HR,2,1,,,,,
20,4,Chamical,Vizcacheras,4/18/2026,,Rolado,GRAM,5,1,,,,,
20,4,Chamical,Vizcacheras,4/18/2026,,Rolado,LAT,3,1,,,,,
20,4,Chamical,Vizcacheras,4/18/2026,,Rolado,BRO,0,1,,,,,
20,4,Chamical,Vizcacheras,4/18/2026,,Rolado,CACT,0,1,,,,,
20,4,Chamical,Vizcacheras,4/18/2026,,Rolado,CB,2,1,,,,,
20,4,Chamical,Vizcacheras,4/18/2026,,Rolado,Otros,4,1,,,,,
21,1,Chamical,Vizcacheras,4/18/2026,,Fuego,SD,1,1,,,,,
21,1,Chamical,Vizcacheras,4/18/2026,,Fuego,HR,6,1,,,,,
21,1,Chamical,Vizcacheras,4/18/2026,,Fuego,GRAM,6,1,,,,,
21,1,Chamical,Vizcacheras,4/18/2026,,Fuego,LAT,3,1,,,,,
21,1,Chamical,Vizcacheras,4/18/2026,,Fuego,BRO,0,1,,,,,
21,1,Chamical,Vizcacheras,4/18/2026,,Fuego,CACT,0,1,,,,,
21,1,Chamical,Vizcacheras,4/18/2026,,Fuego,CB,0,1,,,,,
21,1,Chamical,Vizcacheras,4/18/2026,,Fuego,Otros,3,1,,,,,
21,2,Chamical,Vizcacheras,4/18/2026,,Fuego,SD,2,1,,,,,
21,2,Chamical,Vizcacheras,4/18/2026,,Fuego,HR,6,1,,,,,
21,2,Chamical,Vizcacheras,4/18/2026,,Fuego,GRAM,6,1,,,,,
21,2,Chamical,Vizcacheras,4/18/2026,,Fuego,LAT,3,1,,,,,
21,2,Chamical,Vizcacheras,4/18/2026,,Fuego,BRO,0,1,,,,,
21,2,Chamical,Vizcacheras,4/18/2026,,Fuego,CACT,0,1,,,,,
21,2,Chamical,Vizcacheras,4/18/2026,,Fuego,CB,0,1,,,,,
21,2,Chamical,Vizcacheras,4/18/2026,,Fuego,Otros,3,1,,,,,
21,3,Chamical,Vizcacheras,4/18/2026,,Fuego,SD,1,1,,,,,
21,3,Chamical,Vizcacheras,4/18/2026,,Fuego,HR,6,1,,,,,
21,3,Chamical,Vizcacheras,4/18/2026,,Fuego,GRAM,6,1,,,,,
21,3,Chamical,Vizcacheras,4/18/2026,,Fuego,LAT,4,1,,,,,
21,3,Chamical,Vizcacheras,4/18/2026,,Fuego,BRO,0,1,,,,,
21,3,Chamical,Vizcacheras,4/18/2026,,Fuego,CACT,0,1,,,,,
21,3,Chamical,Vizcacheras,4/18/2026,,Fuego,CB,0,1,,,,,
21,3,Chamical,Vizcacheras,4/18/2026,,Fuego,Otros,3,1,,,,,
21,4,Chamical,Vizcacheras,4/18/2026,,Fuego,SD,3,1,,,,,
21,4,Chamical,Vizcacheras,4/18/2026,,Fuego,HR,3,1,,,,,
21,4,Chamical,Vizcacheras,4/18/2026,,Fuego,GRAM,6,1,,,,,
21,4,Chamical,Vizcacheras,4/18/2026,,Fuego,LAT,3,1,,,,,
21,4,Chamical,Vizcacheras,4/18/2026,,Fuego,BRO,0,1,,,,,
21,4,Chamical,Vizcacheras,4/18/2026,,Fuego,CACT,0,1,,,,,
21,4,Chamical,Vizcacheras,4/18/2026,,Fuego,CB,2,1,,,,,
21,4,Chamical,Vizcacheras,4/18/2026,,Fuego,Otros,2,1,,,,,
22,1,San Luis,Sol Puntano,4/19/2026,,Chacra Regeneración Vieja,SD,2,1,,,,,
22,1,San Luis,Sol Puntano,4/19/2026,,Chacra Regeneración Vieja,HR,6,1,,,,,
22,1,San Luis,Sol Puntano,4/19/2026,,Chacra Regeneración Vieja,GRAM,2,1,,,,,
22,1,San Luis,Sol Puntano,4/19/2026,,Chacra Regeneración Vieja,LAT,4,1,,,,,
22,1,San Luis,Sol Puntano,4/19/2026,,Chacra Regeneración Vieja,BRO,0,1,,,,,
22,1,San Luis,Sol Puntano,4/19/2026,,Chacra Regeneración Vieja,CACT,0,1,,,,,
22,1,San Luis,Sol Puntano,4/19/2026,,Chacra Regeneración Vieja,CB,2,1,,,,,
22,1,San Luis,Sol Puntano,4/19/2026,,Chacra Regeneración Vieja,Otros,3,1,,,,,
22,2,San Luis,Sol Puntano,4/19/2026,,Chacra Regeneración Vieja,SD,3,1,,,,,
22,2,San Luis,Sol Puntano,4/19/2026,,Chacra Regeneración Vieja,HR,6,1,,,,,
22,2,San Luis,Sol Puntano,4/19/2026,,Chacra Regeneración Vieja,GRAM,3,1,,,,,
22,2,San Luis,Sol Puntano,4/19/2026,,Chacra Regeneración Vieja,LAT,3,1,,,,,
22,2,San Luis,Sol Puntano,4/19/2026,,Chacra Regeneración Vieja,BRO,0,1,,,,,
22,2,San Luis,Sol Puntano,4/19/2026,,Chacra Regeneración Vieja,CACT,1,1,,,,,
22,2,San Luis,Sol Puntano,4/19/2026,,Chacra Regeneración Vieja,CB,3,1,,,,,
22,2,San Luis,Sol Puntano,4/19/2026,,Chacra Regeneración Vieja,Otros,2,1,,,,,
22,3,San Luis,Sol Puntano,4/19/2026,,Chacra Regeneración Vieja,SD,3,1,,,,,
22,3,San Luis,Sol Puntano,4/19/2026,,Chacra Regeneración Vieja,HR,6,1,,,,,
22,3,San Luis,Sol Puntano,4/19/2026,,Chacra Regeneración Vieja,GRAM,2,1,,,,,
22,3,San Luis,Sol Puntano,4/19/2026,,Chacra Regeneración Vieja,LAT,2,1,,,,,
22,3,San Luis,Sol Puntano,4/19/2026,,Chacra Regeneración Vieja,BRO,0,1,,,,,
22,3,San Luis,Sol Puntano,4/19/2026,,Chacra Regeneración Vieja,CACT,0,1,,,,,
22,3,San Luis,Sol Puntano,4/19/2026,,Chacra Regeneración Vieja,CB,2,1,,,,,
22,3,San Luis,Sol Puntano,4/19/2026,,Chacra Regeneración Vieja,Otros,3,1,,,,,
22,4,San Luis,Sol Puntano,4/19/2026,,Chacra Regeneración Vieja,SD,2,1,,,,,
22,4,San Luis,Sol Puntano,4/19/2026,,Chacra Regeneración Vieja,HR,6,1,,,,,
22,4,San Luis,Sol Puntano,4/19/2026,,Chacra Regeneración Vieja,GRAM,1,1,,,,,
22,4,San Luis,Sol Puntano,4/19/2026,,Chacra Regeneración Vieja,LAT,1,1,,,,,
22,4,San Luis,Sol Puntano,4/19/2026,,Chacra Regeneración Vieja,BRO,0,1,,,,,
22,4,San Luis,Sol Puntano,4/19/2026,,Chacra Regeneración Vieja,CACT,0,1,,,,,
22,4,San Luis,Sol Puntano,4/19/2026,,Chacra Regeneración Vieja,CB,2,1,,,,,
22,4,San Luis,Sol Puntano,4/19/2026,,Chacra Regeneración Vieja,Otros,3,1,,,,,
23,1,San Luis,Sol Puntano,4/19/2026,,Referencia,SD,3,1,,,,,
23,1,San Luis,Sol Puntano,4/19/2026,,Referencia,HR,6,1,,,,,
23,1,San Luis,Sol Puntano,4/19/2026,,Referencia,GRAM,SD,1,,,,,
23,1,San Luis,Sol Puntano,4/19/2026,,Referencia,LAT,2,1,,,,,
23,1,San Luis,Sol Puntano,4/19/2026,,Referencia,BRO,0,1,,,,,
23,1,San Luis,Sol Puntano,4/19/2026,,Referencia,CACT,0,1,,,,,
23,1,San Luis,Sol Puntano,4/19/2026,,Referencia,CB,0,1,,,,,
23,1,San Luis,Sol Puntano,4/19/2026,,Referencia,Otros,3,1,,,,,
23,2,San Luis,Sol Puntano,4/19/2026,,Referencia,SD,6,1,,,,,
23,2,San Luis,Sol Puntano,4/19/2026,,Referencia,HR,3,1,,,,,
23,2,San Luis,Sol Puntano,4/19/2026,,Referencia,GRAM,2,1,,,,,
23,2,San Luis,Sol Puntano,4/19/2026,,Referencia,LAT,2,1,,,,,
23,2,San Luis,Sol Puntano,4/19/2026,,Referencia,BRO,0,1,,,,,
23,2,San Luis,Sol Puntano,4/19/2026,,Referencia,CACT,0,1,,,,,
23,2,San Luis,Sol Puntano,4/19/2026,,Referencia,CB,2,1,,,,,
23,2,San Luis,Sol Puntano,4/19/2026,,Referencia,Otros,SD,1,,,,,
23,3,San Luis,Sol Puntano,4/19/2026,,Referencia,SD,4,1,,,,,
23,3,San Luis,Sol Puntano,4/19/2026,,Referencia,HR,5,1,,,,,
23,3,San Luis,Sol Puntano,4/19/2026,,Referencia,GRAM,1,1,,,,,
23,3,San Luis,Sol Puntano,4/19/2026,,Referencia,LAT,2,1,,,,,
23,3,San Luis,Sol Puntano,4/19/2026,,Referencia,BRO,0,1,,,,,
23,3,San Luis,Sol Puntano,4/19/2026,,Referencia,CACT,0,1,,,,,
23,3,San Luis,Sol Puntano,4/19/2026,,Referencia,CB,3,1,,,,,
23,3,San Luis,Sol Puntano,4/19/2026,,Referencia,Otros,3,1,,,,,
23,4,San Luis,Sol Puntano,4/19/2026,,Referencia,SD,1,1,,,,,
23,4,San Luis,Sol Puntano,4/19/2026,,Referencia,HR,6,1,,,,,
23,4,San Luis,Sol Puntano,4/19/2026,,Referencia,GRAM,0,1,,,,,
23,4,San Luis,Sol Puntano,4/19/2026,,Referencia,LAT,0,1,,,,,
23,4,San Luis,Sol Puntano,4/19/2026,,Referencia,BRO,0,1,,,,,
23,4,San Luis,Sol Puntano,4/19/2026,,Referencia,CACT,0,1,,,,,
23,4,San Luis,Sol Puntano,4/19/2026,,Referencia,CB,1,1,,,,,
23,4,San Luis,Sol Puntano,4/19/2026,,Referencia,Otros,3,1,,,,,
24,1,San Luis,Sol Puntano,4/19/2026,,Rolado,SD,5,1,,,,,
24,1,San Luis,Sol Puntano,4/19/2026,,Rolado,HR,4,1,,,,,
24,1,San Luis,Sol Puntano,4/19/2026,,Rolado,GRAM,3,1,,,,,
24,1,San Luis,Sol Puntano,4/19/2026,,Rolado,LAT,2,1,,,,,
24,1,San Luis,Sol Puntano,4/19/2026,,Rolado,BRO,0,1,,,,,
24,1,San Luis,Sol Puntano,4/19/2026,,Rolado,CACT,0,1,,,,,
24,1,San Luis,Sol Puntano,4/19/2026,,Rolado,CB,3,1,,,,,
24,1,San Luis,Sol Puntano,4/19/2026,,Rolado,Otros,3,1,,,,,
24,2,San Luis,Sol Puntano,4/19/2026,,Rolado,SD,3,1,,,,,
24,2,San Luis,Sol Puntano,4/19/2026,,Rolado,HR,4,1,,,,,
24,2,San Luis,Sol Puntano,4/19/2026,,Rolado,GRAM,3,1,,,,,
24,2,San Luis,Sol Puntano,4/19/2026,,Rolado,LAT,4,1,,,,,
24,2,San Luis,Sol Puntano,4/19/2026,,Rolado,BRO,0,1,,,,,
24,2,San Luis,Sol Puntano,4/19/2026,,Rolado,CACT,0,1,,,,,
24,2,San Luis,Sol Puntano,4/19/2026,,Rolado,CB,2,1,,,,,
24,2,San Luis,Sol Puntano,4/19/2026,,Rolado,Otros,3,1,,,,,
24,3,San Luis,Sol Puntano,4/19/2026,,Rolado,SD,3,1,,,,,
24,3,San Luis,Sol Puntano,4/19/2026,,Rolado,HR,4,1,,,,,
24,3,San Luis,Sol Puntano,4/19/2026,,Rolado,GRAM,2,1,,,,,
24,3,San Luis,Sol Puntano,4/19/2026,,Rolado,LAT,2,1,,,,,
24,3,San Luis,Sol Puntano,4/19/2026,,Rolado,BRO,0,1,,,,,
24,3,San Luis,Sol Puntano,4/19/2026,,Rolado,CACT,0,1,,,,,
24,3,San Luis,Sol Puntano,4/19/2026,,Rolado,CB,2,1,,,,,
24,3,San Luis,Sol Puntano,4/19/2026,,Rolado,Otros,3,1,,,,,
24,4,San Luis,Sol Puntano,4/19/2026,,Rolado,SD,4,1,,,,,
24,4,San Luis,Sol Puntano,4/19/2026,,Rolado,HR,4,1,,,,,
24,4,San Luis,Sol Puntano,4/19/2026,,Rolado,GRAM,2,1,,,,,
24,4,San Luis,Sol Puntano,4/19/2026,,Rolado,LAT,3,1,,,,,
24,4,San Luis,Sol Puntano,4/19/2026,,Rolado,BRO,0,1,,,,,
24,4,San Luis,Sol Puntano,4/19/2026,,Rolado,CACT,0,1,,,,,
24,4,San Luis,Sol Puntano,4/19/2026,,Rolado,CB,3,1,,,,,
24,4,San Luis,Sol Puntano,4/19/2026,,Rolado,Otros,2,1,,,,,
